customer_id,segment,avg_txn_amount,usual_country,usual_city,typical_hours,account_age_days,travel_flag,known_device
C001,salaried,2500,India,Pune,08-23,222,N,D-C001
C002,student,3200,India,Mumbai,08-23,1123,N,D-C002
C003,business,4100,India,Bengaluru,08-23,691,N,D-C003
C004,salaried,3800,India,Delhi,08-23,2891,Y,D-C004
C005,salaried,4500,India,Chennai,08-23,2538,N,D-C005
C006,retiree,3000,India,Hyderabad,08-23,250,N,D-C006
C007,salaried,2800,India,Kolkata,08-23,503,N,D-C007
C008,business,5200,India,Ahmedabad,08-23,1072,Y,D-C008
C009,salaried,4000,India,Pune,08-23,2418,N,D-C009
C010,business,1800,India,Mumbai,08-23,3052,N,D-C010
C011,retiree,2200,India,Bengaluru,08-23,1022,N,D-C011
C012,retiree,3500,India,Delhi,08-23,2533,N,D-C012
C013,student,6000,India,Chennai,08-23,3435,N,D-C013
C014,salaried,3300,India,Hyderabad,08-23,3228,N,D-C014
C015,business,2700,India,Kolkata,08-23,2979,N,D-C015
C016,retiree,3000,India,Ahmedabad,08-23,1513,N,D-C016
C017,student,2100,India,Pune,08-23,756,N,D-C017
C018,business,4800,India,Mumbai,08-23,3247,N,D-C018
C019,student,3900,India,Bengaluru,08-23,538,N,D-C019
C020,salaried,2600,India,Delhi,08-23,1676,N,D-C020
