device_id,first_seen,linked_accounts_count
D-C001,2025-02-15,1
D-C002,2025-06-19,1
D-C003,2025-05-10,1
D-C004,2025-08-18,1
D-C005,2025-02-16,1
D-C006,2025-02-18,1
D-C007,2025-05-19,1
D-C008,2025-06-19,1
D-C009,2025-04-11,1
D-C010,2025-01-13,1
D-C011,2025-05-11,1
D-C012,2025-04-11,1
D-C013,2025-07-14,1
D-C014,2025-08-15,1
D-C015,2025-03-15,1
D-C016,2025-06-13,1
D-C017,2025-05-11,1
D-C018,2025-03-18,1
D-C019,2025-04-12,1
D-C020,2025-08-16,1
N01,,
N02,2026-09-28,4
N03,2026-09-25,1
N04,2026-09-29,3
N05,2026-09-29,2
