txn_id,customer_id,amount,timestamp,merchant_category,country,channel,device_id
T00001,C001,2671,2026-09-09 20:44,restaurant,India,POS,D-C001
T00002,C001,1946,2026-09-08 10:51,restaurant,India,POS,D-C001
T00003,C001,3154,2026-09-07 19:56,fuel,India,ecommerce,D-C001
T00004,C001,3744,2026-09-16 16:56,utilities,India,POS,D-C001
T00005,C001,3235,2026-09-09 12:15,pharmacy,India,UPI,D-C001
T00006,C001,3693,2026-09-24 19:27,utilities,India,UPI,D-C001
T00007,C001,2481,2026-09-08 12:32,grocery,India,POS,D-C001
T00008,C001,3376,2026-09-05 20:10,utilities,India,ecommerce,D-C001
T00009,C001,2788,2026-09-03 16:24,utilities,India,ecommerce,D-C001
T00010,C001,3827,2026-09-09 18:55,grocery,India,ecommerce,D-C001
T00011,C001,2923,2026-09-18 14:49,grocery,India,UPI,D-C001
T00012,C001,1010,2026-09-14 12:29,restaurant,India,ecommerce,D-C001
T00013,C002,4784,2026-09-25 12:32,restaurant,India,ecommerce,D-C002
T00014,C002,1867,2026-09-17 19:12,fuel,India,ecommerce,D-C002
T00015,C002,1282,2026-09-25 18:58,restaurant,India,UPI,D-C002
T00016,C002,2674,2026-09-01 11:59,restaurant,India,POS,D-C002
T00017,C002,3459,2026-09-02 13:56,grocery,India,POS,D-C002
T00018,C002,1546,2026-09-24 17:52,pharmacy,India,POS,D-C002
T00019,C002,4916,2026-09-05 20:30,fuel,India,UPI,D-C002
T00020,C002,4983,2026-09-17 19:27,pharmacy,India,ecommerce,D-C002
T00021,C002,2477,2026-09-23 13:45,restaurant,India,UPI,D-C002
T00022,C002,2232,2026-09-17 17:07,grocery,India,UPI,D-C002
T00023,C002,2164,2026-09-01 19:35,fuel,India,POS,D-C002
T00024,C002,1506,2026-09-03 21:40,grocery,India,POS,D-C002
T00025,C003,2811,2026-09-11 11:32,utilities,India,POS,D-C003
T00026,C003,6243,2026-09-18 12:46,pharmacy,India,ecommerce,D-C003
T00027,C003,3967,2026-09-16 13:50,utilities,India,POS,D-C003
T00028,C003,3761,2026-09-04 11:42,utilities,India,UPI,D-C003
T00029,C003,4953,2026-09-15 21:03,grocery,India,POS,D-C003
T00030,C003,5579,2026-09-13 21:21,grocery,India,POS,D-C003
T00031,C003,3847,2026-09-07 13:34,utilities,India,POS,D-C003
T00032,C003,5942,2026-09-09 17:15,grocery,India,UPI,D-C003
T00033,C003,1889,2026-09-26 18:06,pharmacy,India,POS,D-C003
T00034,C003,3640,2026-09-03 13:10,utilities,India,POS,D-C003
T00035,C003,3505,2026-09-13 10:10,utilities,India,UPI,D-C003
T00036,C003,3721,2026-09-26 17:18,pharmacy,India,ecommerce,D-C003
T00037,C004,2386,2026-09-23 17:09,fuel,India,POS,D-C004
T00038,C004,1798,2026-09-19 21:34,restaurant,India,POS,D-C004
T00039,C004,3813,2026-09-02 19:30,pharmacy,India,POS,D-C004
T00040,C004,5402,2026-09-02 18:05,grocery,India,ecommerce,D-C004
T00041,C004,2593,2026-09-03 20:55,grocery,India,ecommerce,D-C004
T00042,C004,1701,2026-09-08 19:38,grocery,India,UPI,D-C004
T00043,C004,3904,2026-09-22 19:36,restaurant,India,POS,D-C004
T00044,C004,2608,2026-09-22 21:20,utilities,India,POS,D-C004
T00045,C004,3605,2026-09-22 20:19,grocery,India,POS,D-C004
T00046,C004,6062,2026-09-15 19:36,grocery,India,ecommerce,D-C004
T00047,C004,2124,2026-09-07 18:16,restaurant,India,POS,D-C004
T00048,C004,2239,2026-09-08 15:18,pharmacy,India,ecommerce,D-C004
T00049,C005,5331,2026-09-10 19:51,grocery,India,ecommerce,D-C005
T00050,C005,5382,2026-09-18 14:59,fuel,India,UPI,D-C005
T00051,C005,4787,2026-09-04 11:47,restaurant,India,UPI,D-C005
T00052,C005,3652,2026-09-20 13:45,restaurant,India,ecommerce,D-C005
T00053,C005,6704,2026-09-16 14:57,grocery,India,POS,D-C005
T00054,C005,3294,2026-09-21 16:53,grocery,India,UPI,D-C005
T00055,C005,7091,2026-09-25 12:40,fuel,India,ecommerce,D-C005
T00056,C005,4110,2026-09-15 18:45,grocery,India,POS,D-C005
T00057,C005,2605,2026-09-03 21:57,grocery,India,UPI,D-C005
T00058,C005,4121,2026-09-19 18:09,grocery,India,UPI,D-C005
T00059,C005,3732,2026-09-12 10:57,fuel,India,ecommerce,D-C005
T00060,C005,4823,2026-09-04 15:49,utilities,India,ecommerce,D-C005
T00061,C006,4548,2026-09-24 12:59,fuel,India,POS,D-C006
T00062,C006,3852,2026-09-14 10:11,restaurant,India,UPI,D-C006
T00063,C006,3846,2026-09-26 20:55,fuel,India,UPI,D-C006
T00064,C006,2577,2026-09-06 21:06,grocery,India,UPI,D-C006
T00065,C006,4506,2026-09-08 13:52,restaurant,India,UPI,D-C006
T00066,C006,1285,2026-09-26 13:14,fuel,India,UPI,D-C006
T00067,C006,1450,2026-09-11 14:55,restaurant,India,UPI,D-C006
T00068,C006,3646,2026-09-21 18:25,pharmacy,India,UPI,D-C006
T00069,C006,4693,2026-09-01 11:56,fuel,India,ecommerce,D-C006
T00070,C006,3348,2026-09-09 10:06,restaurant,India,ecommerce,D-C006
T00071,C006,3382,2026-09-26 15:27,pharmacy,India,POS,D-C006
T00072,C006,2117,2026-09-13 19:12,utilities,India,POS,D-C006
T00073,C007,3537,2026-09-17 18:43,fuel,India,UPI,D-C007
T00074,C007,4214,2026-09-14 11:42,pharmacy,India,UPI,D-C007
T00075,C007,4144,2026-09-22 11:46,pharmacy,India,UPI,D-C007
T00076,C007,2472,2026-09-22 16:20,restaurant,India,ecommerce,D-C007
T00077,C007,3354,2026-09-05 13:26,utilities,India,ecommerce,D-C007
T00078,C007,3032,2026-09-24 12:39,utilities,India,ecommerce,D-C007
T00079,C007,1826,2026-09-01 14:18,pharmacy,India,ecommerce,D-C007
T00080,C007,2604,2026-09-21 15:29,fuel,India,ecommerce,D-C007
T00081,C007,3334,2026-09-16 21:10,restaurant,India,ecommerce,D-C007
T00082,C007,2246,2026-09-22 20:39,fuel,India,ecommerce,D-C007
T00083,C007,1789,2026-09-10 13:51,grocery,India,POS,D-C007
T00084,C007,3975,2026-09-08 17:39,grocery,India,UPI,D-C007
T00085,C008,3293,2026-09-14 20:36,utilities,India,UPI,D-C008
T00086,C008,6174,2026-09-13 13:09,grocery,India,POS,D-C008
T00087,C008,3178,2026-09-25 16:14,pharmacy,India,UPI,D-C008
T00088,C008,7805,2026-09-02 18:15,grocery,India,UPI,D-C008
T00089,C008,5394,2026-09-05 17:42,pharmacy,India,ecommerce,D-C008
T00090,C008,7166,2026-09-11 17:39,pharmacy,India,UPI,D-C008
T00091,C008,3073,2026-09-18 17:57,utilities,India,UPI,D-C008
T00092,C008,6059,2026-09-09 13:53,pharmacy,India,UPI,D-C008
T00093,C008,4825,2026-09-21 13:17,restaurant,India,POS,D-C008
T00094,C008,7652,2026-09-09 15:20,grocery,India,POS,D-C008
T00095,C008,6410,2026-09-05 13:24,fuel,India,POS,D-C008
T00096,C008,5466,2026-09-14 16:21,utilities,India,POS,D-C008
T00097,C009,5943,2026-09-07 16:24,pharmacy,India,ecommerce,D-C009
T00098,C009,3890,2026-09-01 19:24,restaurant,India,UPI,D-C009
T00099,C009,5880,2026-09-25 16:54,utilities,India,ecommerce,D-C009
T00100,C009,5439,2026-09-24 21:34,fuel,India,UPI,D-C009
T00101,C009,3931,2026-09-08 14:27,utilities,India,UPI,D-C009
T00102,C009,3541,2026-09-22 20:51,fuel,India,UPI,D-C009
T00103,C009,1729,2026-09-05 19:34,utilities,India,ecommerce,D-C009
T00104,C009,2003,2026-09-19 20:01,utilities,India,POS,D-C009
T00105,C009,2849,2026-09-15 12:03,restaurant,India,POS,D-C009
T00106,C009,5254,2026-09-15 15:21,utilities,India,UPI,D-C009
T00107,C009,5608,2026-09-25 16:16,utilities,India,POS,D-C009
T00108,C009,6400,2026-09-24 18:03,restaurant,India,POS,D-C009
T00109,C010,2788,2026-09-21 11:49,grocery,India,POS,D-C010
T00110,C010,764,2026-09-08 13:53,fuel,India,POS,D-C010
T00111,C010,967,2026-09-05 17:42,fuel,India,UPI,D-C010
T00112,C010,1517,2026-09-23 14:49,pharmacy,India,ecommerce,D-C010
T00113,C010,2400,2026-09-24 21:07,fuel,India,UPI,D-C010
T00114,C010,2726,2026-09-04 19:01,pharmacy,India,ecommerce,D-C010
T00115,C010,1148,2026-09-13 16:45,pharmacy,India,ecommerce,D-C010
T00116,C010,2226,2026-09-21 13:06,restaurant,India,ecommerce,D-C010
T00117,C010,2845,2026-09-20 11:50,grocery,India,UPI,D-C010
T00118,C010,1520,2026-09-18 16:42,pharmacy,India,ecommerce,D-C010
T00119,C010,1627,2026-09-11 10:54,utilities,India,POS,D-C010
T00120,C010,2646,2026-09-14 15:40,utilities,India,ecommerce,D-C010
T00121,C011,2817,2026-09-05 16:11,restaurant,India,ecommerce,D-C011
T00122,C011,2156,2026-09-26 18:49,utilities,India,ecommerce,D-C011
T00123,C011,3129,2026-09-19 14:20,grocery,India,UPI,D-C011
T00124,C011,2107,2026-09-15 13:48,pharmacy,India,ecommerce,D-C011
T00125,C011,2185,2026-09-13 15:01,restaurant,India,POS,D-C011
T00126,C011,2986,2026-09-16 13:22,restaurant,India,UPI,D-C011
T00127,C011,1609,2026-09-20 21:56,grocery,India,ecommerce,D-C011
T00128,C011,2781,2026-09-07 11:15,utilities,India,ecommerce,D-C011
T00129,C011,2137,2026-09-25 13:44,utilities,India,UPI,D-C011
T00130,C011,1657,2026-09-26 10:05,utilities,India,ecommerce,D-C011
T00131,C011,2415,2026-09-08 14:42,utilities,India,ecommerce,D-C011
T00132,C011,3511,2026-09-17 15:27,pharmacy,India,UPI,D-C011
T00133,C012,2538,2026-09-12 21:29,restaurant,India,POS,D-C012
T00134,C012,2725,2026-09-04 21:12,pharmacy,India,ecommerce,D-C012
T00135,C012,4502,2026-09-06 13:13,restaurant,India,ecommerce,D-C012
T00136,C012,2589,2026-09-19 18:38,grocery,India,POS,D-C012
T00137,C012,2154,2026-09-10 13:23,grocery,India,ecommerce,D-C012
T00138,C012,1591,2026-09-18 12:17,grocery,India,ecommerce,D-C012
T00139,C012,4079,2026-09-10 21:08,utilities,India,POS,D-C012
T00140,C012,3371,2026-09-01 19:18,utilities,India,UPI,D-C012
T00141,C012,5352,2026-09-06 10:16,utilities,India,POS,D-C012
T00142,C012,1711,2026-09-03 16:31,grocery,India,POS,D-C012
T00143,C012,1758,2026-09-05 19:19,fuel,India,POS,D-C012
T00144,C012,3904,2026-09-18 16:38,pharmacy,India,POS,D-C012
T00145,C013,5644,2026-09-25 18:24,utilities,India,UPI,D-C013
T00146,C013,6494,2026-09-19 16:19,grocery,India,ecommerce,D-C013
T00147,C013,3896,2026-09-24 11:48,fuel,India,UPI,D-C013
T00148,C013,4127,2026-09-22 11:10,pharmacy,India,POS,D-C013
T00149,C013,5644,2026-09-06 10:26,pharmacy,India,UPI,D-C013
T00150,C013,4474,2026-09-10 10:14,restaurant,India,ecommerce,D-C013
T00151,C013,4081,2026-09-15 11:43,restaurant,India,ecommerce,D-C013
T00152,C013,9122,2026-09-19 20:51,utilities,India,POS,D-C013
T00153,C013,3473,2026-09-18 13:41,restaurant,India,POS,D-C013
T00154,C013,8107,2026-09-03 10:10,pharmacy,India,ecommerce,D-C013
T00155,C013,3295,2026-09-19 14:28,restaurant,India,ecommerce,D-C013
T00156,C013,6288,2026-09-13 14:32,utilities,India,POS,D-C013
T00157,C014,3031,2026-09-20 10:56,restaurant,India,ecommerce,D-C014
T00158,C014,2227,2026-09-09 10:05,pharmacy,India,ecommerce,D-C014
T00159,C014,2387,2026-09-01 20:52,grocery,India,POS,D-C014
T00160,C014,3071,2026-09-16 18:41,restaurant,India,POS,D-C014
T00161,C014,4544,2026-09-19 16:40,grocery,India,UPI,D-C014
T00162,C014,2591,2026-09-12 16:21,grocery,India,POS,D-C014
T00163,C014,3282,2026-09-11 16:44,utilities,India,ecommerce,D-C014
T00164,C014,2565,2026-09-02 17:05,restaurant,India,POS,D-C014
T00165,C014,3358,2026-09-25 16:55,grocery,India,ecommerce,D-C014
T00166,C014,1535,2026-09-18 17:26,pharmacy,India,UPI,D-C014
T00167,C014,3070,2026-09-20 17:40,grocery,India,POS,D-C014
T00168,C014,4994,2026-09-09 18:08,utilities,India,ecommerce,D-C014
T00169,C015,4233,2026-09-16 11:01,pharmacy,India,POS,D-C015
T00170,C015,2865,2026-09-23 12:19,pharmacy,India,UPI,D-C015
T00171,C015,4038,2026-09-03 13:53,utilities,India,POS,D-C015
T00172,C015,4102,2026-09-21 12:31,restaurant,India,ecommerce,D-C015
T00173,C015,3785,2026-09-23 14:26,utilities,India,POS,D-C015
T00174,C015,2323,2026-09-15 18:09,pharmacy,India,ecommerce,D-C015
T00175,C015,1306,2026-09-24 12:55,utilities,India,UPI,D-C015
T00176,C015,3739,2026-09-26 18:17,restaurant,India,ecommerce,D-C015
T00177,C015,4316,2026-09-10 19:37,utilities,India,POS,D-C015
T00178,C015,2198,2026-09-15 18:30,pharmacy,India,ecommerce,D-C015
T00179,C015,2123,2026-09-13 17:59,fuel,India,ecommerce,D-C015
T00180,C015,1837,2026-09-08 19:24,utilities,India,POS,D-C015
T00181,C016,3739,2026-09-11 21:30,utilities,India,UPI,D-C016
T00182,C016,2983,2026-09-22 20:09,grocery,India,POS,D-C016
T00183,C016,4331,2026-09-17 19:21,utilities,India,POS,D-C016
T00184,C016,3801,2026-09-17 17:00,utilities,India,ecommerce,D-C016
T00185,C016,4013,2026-09-05 11:30,restaurant,India,UPI,D-C016
T00186,C016,3539,2026-09-20 21:25,restaurant,India,ecommerce,D-C016
T00187,C016,3456,2026-09-18 16:20,utilities,India,ecommerce,D-C016
T00188,C016,2045,2026-09-02 19:04,restaurant,India,POS,D-C016
T00189,C016,4722,2026-09-24 11:27,grocery,India,UPI,D-C016
T00190,C016,4452,2026-09-06 21:19,grocery,India,UPI,D-C016
T00191,C016,2490,2026-09-26 10:18,utilities,India,POS,D-C016
T00192,C016,3237,2026-09-08 18:26,fuel,India,POS,D-C016
T00193,C017,3035,2026-09-06 11:39,pharmacy,India,ecommerce,D-C017
T00194,C017,2310,2026-09-08 17:58,fuel,India,UPI,D-C017
T00195,C017,1483,2026-09-21 14:29,grocery,India,UPI,D-C017
T00196,C017,1238,2026-09-10 20:34,utilities,India,UPI,D-C017
T00197,C017,3264,2026-09-19 14:40,restaurant,India,UPI,D-C017
T00198,C017,2990,2026-09-10 13:24,grocery,India,POS,D-C017
T00199,C017,2289,2026-09-13 19:22,restaurant,India,POS,D-C017
T00200,C017,860,2026-09-22 16:17,grocery,India,ecommerce,D-C017
T00201,C017,3118,2026-09-24 17:53,restaurant,India,POS,D-C017
T00202,C017,2444,2026-09-20 15:14,pharmacy,India,UPI,D-C017
T00203,C017,2501,2026-09-22 21:49,fuel,India,ecommerce,D-C017
T00204,C017,939,2026-09-04 20:41,utilities,India,POS,D-C017
T00205,C018,2677,2026-09-19 15:46,restaurant,India,UPI,D-C018
T00206,C018,3077,2026-09-24 16:11,pharmacy,India,UPI,D-C018
T00207,C018,3490,2026-09-17 18:58,fuel,India,UPI,D-C018
T00208,C018,6933,2026-09-16 14:47,grocery,India,UPI,D-C018
T00209,C018,7487,2026-09-03 12:48,utilities,India,ecommerce,D-C018
T00210,C018,4193,2026-09-12 11:50,restaurant,India,ecommerce,D-C018
T00211,C018,5795,2026-09-04 17:23,restaurant,India,ecommerce,D-C018
T00212,C018,2544,2026-09-13 20:23,fuel,India,UPI,D-C018
T00213,C018,7353,2026-09-01 19:56,restaurant,India,ecommerce,D-C018
T00214,C018,5580,2026-09-08 20:04,utilities,India,ecommerce,D-C018
T00215,C018,2592,2026-09-10 20:26,grocery,India,POS,D-C018
T00216,C018,2480,2026-09-10 17:07,pharmacy,India,POS,D-C018
T00217,C019,4698,2026-09-13 17:23,pharmacy,India,UPI,D-C019
T00218,C019,2283,2026-09-19 21:46,utilities,India,ecommerce,D-C019
T00219,C019,3470,2026-09-04 17:39,restaurant,India,POS,D-C019
T00220,C019,3635,2026-09-23 15:13,fuel,India,UPI,D-C019
T00221,C019,4108,2026-09-04 20:23,restaurant,India,POS,D-C019
T00222,C019,6091,2026-09-13 14:12,utilities,India,POS,D-C019
T00223,C019,4553,2026-09-22 13:41,grocery,India,POS,D-C019
T00224,C019,6188,2026-09-26 15:15,pharmacy,India,POS,D-C019
T00225,C019,4304,2026-09-03 18:13,fuel,India,UPI,D-C019
T00226,C019,5774,2026-09-25 12:50,grocery,India,UPI,D-C019
T00227,C019,2733,2026-09-05 12:34,fuel,India,POS,D-C019
T00228,C019,1630,2026-09-22 10:08,fuel,India,ecommerce,D-C019
T00229,C020,1868,2026-09-11 10:11,fuel,India,ecommerce,D-C020
T00230,C020,3366,2026-09-14 18:07,utilities,India,UPI,D-C020
T00231,C020,2892,2026-09-25 15:32,utilities,India,ecommerce,D-C020
T00232,C020,3309,2026-09-08 19:02,pharmacy,India,UPI,D-C020
T00233,C020,1230,2026-09-15 20:01,utilities,India,UPI,D-C020
T00234,C020,2570,2026-09-14 20:06,utilities,India,POS,D-C020
T00235,C020,1503,2026-09-03 15:38,fuel,India,UPI,D-C020
T00236,C020,2751,2026-09-20 20:37,restaurant,India,UPI,D-C020
T00237,C020,2456,2026-09-20 18:18,pharmacy,India,UPI,D-C020
T00238,C020,3701,2026-09-04 21:07,pharmacy,India,ecommerce,D-C020
T00239,C020,3811,2026-09-07 16:28,utilities,India,UPI,D-C020
T00240,C020,3316,2026-09-15 16:26,restaurant,India,UPI,D-C020
T00241,C001,2000,2026-09-29 11:15,grocery,India,POS,D-C001
T00242,C004,45000,2026-09-29 15:40,electronics,Singapore,ecommerce,N01
T00243,C007,9800,2026-09-29 02:06,electronics,Dubai-UAE,ecommerce,N02
T00244,C007,11200,2026-09-29 02:08,electronics,Dubai-UAE,ecommerce,N02
T00245,C007,33600,2026-09-29 02:10,electronics,Dubai-UAE,ecommerce,N02
T00246,C002,3500,2026-09-29 13:05,restaurant,India,POS,D-C002
T00247,C003,6200,2026-09-28 09:30,fuel,India,POS,D-C003
T00248,C005,28000,2026-09-28 16:20,jewellery,India,POS,D-C005
T00249,C006,15000,2026-09-28 20:10,online_shopping,India,ecommerce,N03
T00250,C008,52000,2026-09-27 18:45,hotel,UAE,POS,D-C008
T00251,C009,89000,2026-09-28 02:30,crypto_exchange,India,ecommerce,N04
T00252,C010,1200,2026-09-27 14:00,subscription,USA,ecommerce,D-C010
T00253,C011,800,2026-09-27 19:01,gaming,India,ecommerce,D-C011
T00254,C011,800,2026-09-27 19:03,gaming,India,ecommerce,D-C011
T00255,C011,800,2026-09-27 19:06,gaming,India,ecommerce,D-C011
T00256,C011,800,2026-09-27 19:08,gaming,India,ecommerce,D-C011
T00257,C012,7500,2026-09-26 12:00,grocery,India,POS,D-C012
T00258,C013,120000,2026-09-26 10:30,wire_transfer,India,net_banking,D-C013
T00259,C014,18000,2026-09-26 17:00,electronics,,ecommerce,
T00260,C099,9000,2026-09-25 15:00,online_shopping,India,ecommerce,D-C099
T00261,C016,9000,2026-09-25 23:50,electronics,Vietnam,ecommerce,N05
T00262,C017,2500,2026-09-25 21:40,pharmacy,India,POS,D-C017
T00263,C018,34000,2026-09-24 03:15,atm_withdrawal,Thailand,ATM,
